val_macro_f1-score,val_macro_recall,val_micro_accuracy,val_macro_precision,val_weighted_precision,val_weighted_recall,val_weighted_f1-score,val_balanced_accuracy,test_macro_f1-score,test_macro_recall,test_micro_accuracy,test_macro_precision,test_weighted_precision,test_weighted_recall,test_weighted_f1-score,test_balanced_accuracy,epochs_taken,test_time,val_cross_ent,val_cluster,val_separation,val_avg_separation,val_p_avg_pair_dist,num_ptypes_per_class,ptype_length,prototype_shape,ptype_activation_fn,latent_weight,joint_features_lr,joint_ptypes_lr,warm_ptypes_lr,last_layer_optimizer_lr,weight_decay,joint_lr_step_size,warm_lr_step_size,cross_entropy_weight,cluster_weight,separation_weight,l1_weight,num_warm_epochs,push_gap,push_start,num_pushes,seq_count_thresh,trainRandomInsertions,trainRandomDeletions,trainMutationRate,oversample,encoding_mode,push_encoding_mode,applying_on_raw_data,augment_test_data,load_existing_train_test,train_batch_size,test_batch_size,num_classes,seq_target_length,addTagAndPrimer,addRevComplements,val_portion_of_train,patience,min_pc_improvement,datetime
0.0141509433962264,0.2075471698113207,0.0319148936170212,0.5946540880503145,0.7131205673758865,0.0319148936170212,0.0159574468085106,0.0344827586206896,0.0189473684210526,0.2421052631578947,0.0425531914893617,0.5345614035087719,0.6714539007092198,0.0425531914893617,0.0304964539007092,0.04,11,0.0267500877380371,5.045331716537476,0.1332531198859214,0.2200990468263626,0.125570360571146,0.8030336499214172,[2],[25],"(312, 520, 25)",unused,0.9,-1,-1,0.0007,0.001,0.065,-1,1000000,1,-19.200000000000003,19.2,0.001,1000000,11,10,0,2,"[0, 2]","[0, 2]",0.05,True,probability,probability,False,True,True,156,94,156,70,False,False,0.2,7,1,20240302_171835
0.0168195718654434,0.2293577981651376,0.0319148936170212,0.509480122324159,0.6333333333333333,0.0319148936170212,0.0195035460992907,0.0344827586206896,0.0,0.2718446601941747,0.0,0.4271844660194174,0.574468085106383,0.0,0.0,0.0,11,0.0260591506958007,5.04158878326416,0.1311627849936485,0.2214134037494659,0.1241845376789569,0.8011050224304199,[2],[25],"(312, 520, 25)",unused,0.9,-1,-1,0.0007,0.0001,0.065,-1,1000000,1,-1.2000000000000002,4.8,0.001,1000000,11,10,0,2,"[0, 2]","[0, 2]",0.05,True,probability,probability,False,True,True,156,94,156,70,False,False,0.2,7,1,20240302_162101
0.0142450142450142,0.2735042735042735,0.0212765957446808,0.5427350427350427,0.7393617021276596,0.0212765957446808,0.0177304964539007,0.0229885057471264,0.0009803921568627,0.2696078431372549,0.0106382978723404,0.4907407407407407,0.6607565011820331,0.0106382978723404,0.002127659574468,0.0066666666666666,11,0.0270547866821289,5.042624235153198,0.1324125081300735,0.2166603431105613,0.1251914724707603,0.807353138923645,[2],[25],"(312, 520, 25)",unused,0.9,-1,-1,0.0007,0.0001,0.065,-1,1000000,1,-76.80000000000001,4.8,0.001,1000000,11,10,0,2,"[0, 2]","[0, 2]",0.05,True,probability,probability,False,True,True,156,94,156,70,False,False,0.2,7,1,20240302_174305
0.0141509433962264,0.1981132075471698,0.0212765957446808,0.6257861635220126,0.7695035460992907,0.0212765957446808,0.0159574468085106,0.0229885057471264,0.0,0.21875,0.0,0.5416666666666666,0.7021276595744681,0.0,0.0,0.0,11,0.0274069309234619,5.051725625991821,0.1309875920414924,0.2212879285216331,0.1253163516521453,0.8012688159942627,[2],[25],"(312, 520, 25)",unused,0.9,-1,-1,0.0007,0.001,0.065,-1,1000000,1,-38.400000000000006,9.6,0.001,1000000,11,10,0,2,"[0, 2]","[0, 2]",0.05,True,probability,probability,False,True,True,156,94,156,70,False,False,0.2,7,1,20240302_173021
0.0176991150442477,0.247787610619469,0.0212765957446808,0.5398230088495575,0.6914893617021277,0.0212765957446808,0.0212765957446808,0.0229885057471264,0.0148514851485148,0.2772277227722772,0.0212765957446808,0.4488448844884488,0.5992907801418439,0.0212765957446808,0.0159574468085106,0.0266666666666666,11,0.0275681018829345,5.041528940200806,0.1343742087483406,0.2261995375156402,0.1260821260511875,0.8080180883407593,[2],[25],"(312, 520, 25)",unused,0.9,-1,-1,0.0007,0.0001,0.065,-1,1000000,1,-38.400000000000006,4.8,0.001,1000000,11,10,0,2,"[0, 2]","[0, 2]",0.05,True,probability,probability,False,True,True,156,94,156,70,False,False,0.2,7,1,20240302_172922
0.0104585679806918,0.247787610619469,0.0212765957446808,0.4964601769911504,0.6287234042553191,0.0212765957446808,0.0125725338491295,0.0229885057471264,0.0047169811320754,0.2971698113207547,0.0106382978723404,0.4292452830188679,0.6276595744680851,0.0106382978723404,0.0106382978723404,0.0066666666666666,11,0.0268168449401855,5.046443462371826,0.1299134641885757,0.2227885723114013,0.1243164874613285,0.7996949553489685,[2],[25],"(312, 520, 25)",unused,0.9,-1,-1,0.0007,0.0001,0.065,-1,1000000,1,-19.200000000000003,1.2,0.001,1000000,11,10,0,2,"[0, 2]","[0, 2]",0.05,True,probability,probability,False,True,True,156,94,156,70,False,False,0.2,7,1,20240302_171144
0.0074074074074074,0.2083333333333333,0.0212765957446808,0.5516975308641976,0.6906028368794325,0.0212765957446808,0.0127659574468085,0.0172413793103448,0.0074074074074074,0.2525252525252525,0.0212765957446808,0.5109427609427609,0.6932624113475176,0.0212765957446808,0.0156028368794326,0.0133333333333333,11,0.0267963409423828,5.051342725753784,0.1312808766961097,0.2201500758528709,0.1250931806862354,0.7983632683753967,[2],[25],"(312, 520, 25)",unused,0.9,-1,-1,0.0007,0.001,0.065,-1,1000000,1,-9.6,9.6,0.001,1000000,11,10,0,2,"[0, 2]","[0, 2]",0.05,True,probability,probability,False,True,True,156,94,156,70,False,False,0.2,7,1,20240302_170304
0.0136363636363636,0.2272727272727272,0.0212765957446808,0.5575757575757576,0.7056737588652483,0.0212765957446808,0.0159574468085106,0.0229885057471264,0.0,0.2346938775510204,0.0,0.5,0.648936170212766,0.0,0.0,0.0,11,0.0266757011413574,5.042928218841553,0.1323873624205589,0.2119426280260086,0.1233622767031192,0.7917461395263672,[2],[25],"(312, 520, 25)",unused,0.9,-1,-1,0.0007,0.001,0.065,-1,1000000,1,-9.6,0.3,0.001,1000000,11,10,0,2,"[0, 2]","[0, 2]",0.05,True,probability,probability,False,True,True,156,94,156,70,False,False,0.2,7,1,20240302_165315
0.018018018018018,0.2342342342342342,0.0212765957446808,0.5495495495495496,0.7127659574468085,0.0212765957446808,0.0212765957446808,0.0229885057471264,0.0,0.2990654205607476,0.0,0.4579439252336448,0.6702127659574468,0.0,0.0,0.0,11,0.0268559455871582,5.044462442398071,0.1311590149998664,0.2230539545416832,0.1243352144956588,0.8019766807556152,[2],[25],"(312, 520, 25)",unused,0.9,-1,-1,0.0007,0.0001,0.065,-1,1000000,1,-4.800000000000001,0.6,0.001,1000000,11,10,0,2,"[0, 2]","[0, 2]",0.05,True,probability,probability,False,True,True,156,94,156,70,False,False,0.2,7,1,20240302_164230
0.006198347107438,0.2272727272727272,0.0212765957446808,0.6403030303030304,0.8024822695035462,0.0212765957446808,0.0072533849129593,0.0229885057471264,0.0026881720430107,0.2043010752688172,0.0106382978723404,0.5714285714285714,0.7036474164133738,0.0106382978723404,0.0026595744680851,0.0133333333333333,11,0.0272367000579834,5.052001476287842,0.1314655765891075,0.2186397314071655,0.1252792291343212,0.80533766746521,[2],[25],"(312, 520, 25)",unused,0.9,-1,-1,0.0007,0.001,0.065,-1,1000000,1,-2.4000000000000004,4.8,0.001,1000000,11,10,0,2,"[0, 2]","[0, 2]",0.05,True,probability,probability,False,True,True,156,94,156,70,False,False,0.2,7,1,20240302_163341
0.011011011011011,0.2342342342342342,0.0212765957446808,0.5867117117117117,0.7247340425531915,0.0212765957446808,0.0130023640661938,0.0229885057471264,0.0,0.2574257425742574,0.0,0.5445544554455446,0.7340425531914894,0.0,0.0,0.0,11,0.0272848606109619,5.060885667800903,0.1288373470306396,0.2230247557163238,0.1253533884882927,0.811330258846283,[2],[25],"(312, 520, 25)",unused,0.9,-1,-1,0.0007,0.001,0.065,-1,1000000,1,-1.2000000000000002,19.2,0.001,1000000,11,10,0,2,"[0, 2]","[0, 2]",0.05,True,probability,probability,False,True,True,156,94,156,70,False,False,0.2,7,1,20240302_162356
0.0142450142450142,0.2735042735042735,0.0212765957446808,0.5085470085470085,0.6861702127659575,0.0212765957446808,0.0177304964539007,0.0229885057471264,0.0,0.2718446601941747,0.0,0.4757281553398058,0.6702127659574468,0.0,0.0,0.0,11,0.0268247127532959,5.050034761428833,0.1297165229916572,0.2218953669071197,0.125656709074974,0.8072785139083862,[2],[25],"(312, 520, 25)",unused,0.9,-1,-1,0.0007,0.0001,0.065,-1,1000000,1,-1.2000000000000002,1.2,0.001,1000000,11,10,0,2,"[0, 2]","[0, 2]",0.05,True,probability,probability,False,True,True,156,94,156,70,False,False,0.2,7,1,20240302_161710
0.0053908355795148,0.1981132075471698,0.0212765957446808,0.5691823899371069,0.6950354609929078,0.0212765957446808,0.0060790273556231,0.0229885057471264,0.0081699346405228,0.2794117647058823,0.0212765957446808,0.5754901960784314,0.8,0.0212765957446808,0.0141843971631205,0.02,11,0.0270044803619384,5.051520347595215,0.1323945596814155,0.2291952222585678,0.1256738416850567,0.80926114320755,[2],[25],"(312, 520, 25)",unused,0.9,-1,-1,0.0007,0.001,0.065,-1,1000000,1,-1.2000000000000002,0.6,0.001,1000000,11,10,0,2,"[0, 2]","[0, 2]",0.05,True,probability,probability,False,True,True,156,94,156,70,False,False,0.2,7,1,20240302_161414
0.0020964360587002,0.1886792452830188,0.0106382978723404,0.5672169811320755,0.6715425531914894,0.0106382978723404,0.0023640661938534,0.0114942528735632,0.0034364261168384,0.2319587628865979,0.0106382978723404,0.5489690721649485,0.6861702127659575,0.0106382978723404,0.0070921985815602,0.0066666666666666,11,0.0270795822143554,5.048010587692261,0.1324999406933784,0.2255381718277931,0.1253561004996299,0.8044589161872864,[2],[25],"(312, 520, 25)",unused,0.9,-1,-1,0.0007,0.001,0.065,-1,1000000,1,-76.80000000000001,19.2,0.001,1000000,11,10,0,2,"[0, 2]","[0, 2]",0.05,True,probability,probability,False,True,True,156,94,156,70,False,False,0.2,7,1,20240302_174602
0.0084745762711864,0.2711864406779661,0.0106382978723404,0.4576271186440678,0.6382978723404256,0.0106382978723404,0.0106382978723404,0.0114942528735632,0.0023148148148148,0.3148148148148148,0.0106382978723404,0.4735449735449735,0.6717325227963525,0.0106382978723404,0.0026595744680851,0.0133333333333333,11,0.0242223739624023,5.047150373458862,0.1308671832084655,0.2220980376005172,0.125666182488203,0.8070828914642334,[2],[25],"(312, 520, 25)",unused,0.9,-1,-1,0.0007,0.0001,0.065,-1,1000000,1,-76.80000000000001,9.6,0.001,1000000,11,10,0,2,"[0, 2]","[0, 2]",0.05,True,probability,probability,False,True,True,156,94,156,70,False,False,0.2,7,1,20240302_174503
0.0095238095238095,0.1809523809523809,0.0106382978723404,0.6190476190476191,0.7446808510638298,0.0106382978723404,0.0106382978723404,0.0114942528735632,0.0,0.25,0.0,0.57,0.776595744680851,0.0,0.0,0.0,11,0.0266647338867187,5.050901889801025,0.1319669783115387,0.221828207373619,0.1254090406000614,0.805578351020813,[2],[25],"(312, 520, 25)",unused,0.9,-1,-1,0.0007,0.001,0.065,-1,1000000,1,-76.80000000000001,4.8,0.001,1000000,11,10,0,2,"[0, 2]","[0, 2]",0.05,True,probability,probability,False,True,True,156,94,156,70,False,False,0.2,7,1,20240302_174207
0.0042372881355932,0.2711864406779661,0.0106382978723404,0.5028248587570621,0.6843971631205673,0.0106382978723404,0.0053191489361702,0.0114942528735632,0.0,0.2574257425742574,0.0,0.3861386138613861,0.5,0.0,0.0,0.0,11,0.0267045497894287,5.043569326400757,0.1311171874403953,0.2213208973407745,0.1248469017446041,0.798141598701477,[2],[25],"(312, 520, 25)",unused,0.9,-1,-1,0.0007,0.0001,0.065,-1,1000000,1,-38.400000000000006,9.6,0.001,1000000,11,10,0,2,"[0, 2]","[0, 2]",0.05,True,probability,probability,False,True,True,156,94,156,70,False,False,0.2,7,1,20240302_173119
0.0082644628099173,0.2892561983471074,0.0106382978723404,0.4628099173553719,0.6595744680851063,0.0106382978723404,0.0106382978723404,0.0114942528735632,0.0048076923076923,0.2884615384615384,0.0106382978723404,0.4166666666666666,0.5780141843971631,0.0106382978723404,0.0053191489361702,0.0133333333333333,11,0.026949405670166,5.047190189361572,0.1308305561542511,0.217854619026184,0.1247531361877918,0.8075671195983887,[2],[25],"(312, 520, 25)",unused,0.9,-1,-1,0.0007,0.0001,0.065,-1,1000000,1,-38.400000000000006,0.6,0.001,1000000,11,10,0,2,"[0, 2]","[0, 2]",0.05,True,probability,probability,False,True,True,156,94,156,70,False,False,0.2,7,1,20240302_172330
0.0056980056980056,0.2649572649572649,0.0106382978723404,0.5598290598290598,0.75,0.0106382978723404,0.0070921985815602,0.0114942528735632,0.0,0.25,0.0,0.52,0.7021276595744681,0.0,0.0,0.0,11,0.0268826484680175,5.053232431411743,0.1298521757125854,0.2153338119387626,0.1237633302807807,0.7984327673912048,[2],[25],"(312, 520, 25)",unused,0.9,-1,-1,0.0007,0.001,0.065,-1,1000000,1,-38.400000000000006,0.6,0.001,1000000,11,10,0,2,"[0, 2]","[0, 2]",0.05,True,probability,probability,False,True,True,156,94,156,70,False,False,0.2,7,1,20240302_172231
0.0014619883040935,0.2456140350877192,0.0106382978723404,0.5271132376395534,0.6818181818181819,0.0106382978723404,0.00177304964539,0.0114942528735632,0.0110062893081761,0.3113207547169811,0.0212765957446808,0.4229559748427673,0.5833333333333333,0.0212765957446808,0.0124113475177304,0.0266666666666666,11,0.0270438194274902,5.044154644012451,0.1311406269669532,0.224047377705574,0.1245122998952865,0.8043650984764099,[2],[25],"(312, 520, 25)",unused,0.9,-1,-1,0.0007,0.0001,0.065,-1,1000000,1,-38.400000000000006,0.3,0.001,1000000,11,10,0,2,"[0, 2]","[0, 2]",0.05,True,probability,probability,False,True,True,156,94,156,70,False,False,0.2,7,1,20240302_172132
0.0045454545454545,0.2181818181818181,0.0106382978723404,0.5575757575757575,0.7056737588652482,0.0106382978723404,0.0053191489361702,0.0114942528735632,0.0,0.1666666666666666,0.0,0.6,0.723404255319149,0.0,0.0,0.0,11,0.0268332958221435,5.053171634674072,0.1314841359853744,0.2189646810293197,0.125440813601017,0.8024620413780212,[2],[25],"(312, 520, 25)",unused,0.9,-1,-1,0.0007,0.001,0.065,-1,1000000,1,-38.400000000000006,0.3,0.001,1000000,11,10,0,2,"[0, 2]","[0, 2]",0.05,True,probability,probability,False,True,True,156,94,156,70,False,False,0.2,7,1,20240302_172033
0.0042016806722689,0.2773109243697479,0.0106382978723404,0.4985994397759103,0.6631205673758864,0.0106382978723404,0.0053191489361702,0.0114942528735632,0.0049019607843137,0.2745098039215686,0.0106382978723404,0.4934640522875817,0.6843971631205673,0.0106382978723404,0.0053191489361702,0.0133333333333333,11,0.0268878936767578,5.0454277992248535,0.131503976881504,0.2230631187558174,0.1254451274871826,0.8010995388031006,[2],[25],"(312, 520, 25)",unused,0.9,-1,-1,0.0007,0.0001,0.065,-1,1000000,1,-19.200000000000003,9.6,0.001,1000000,11,10,0,2,"[0, 2]","[0, 2]",0.05,True,probability,probability,False,True,True,156,94,156,70,False,False,0.2,7,1,20240302_171736
0.009090909090909,0.2181818181818181,0.0106382978723404,0.4909090909090909,0.6170212765957447,0.0106382978723404,0.0106382978723404,0.0114942528735632,0.0047619047619047,0.2952380952380952,0.0212765957446808,0.4412698412698412,0.6347517730496454,0.0212765957446808,0.0106382978723404,0.0133333333333333,11,0.0267884731292724,5.047577381134033,0.1306726559996605,0.2184985876083374,0.1253346763551235,0.8043587803840637,[2],[25],"(312, 520, 25)",unused,0.9,-1,-1,0.0007,0.0001,0.065,-1,1000000,1,-19.200000000000003,2.4,0.001,1000000,11,10,0,2,"[0, 2]","[0, 2]",0.05,True,probability,probability,False,True,True,156,94,156,70,False,False,0.2,7,1,20240302_171340
0.0046296296296296,0.2037037037037037,0.0106382978723404,0.632716049382716,0.7801418439716311,0.0106382978723404,0.0053191489361702,0.0114942528735632,0.0046296296296296,0.234375,0.0212765957446808,0.6173735119047619,0.802241641337386,0.0212765957446808,0.0070921985815602,0.02,11,0.0269768238067626,5.053508281707764,0.1302393898367881,0.2167701795697212,0.1249657645821571,0.8023297786712646,[2],[25],"(312, 520, 25)",unused,0.9,-1,-1,0.0007,0.001,0.065,-1,1000000,1,-19.200000000000003,2.4,0.001,1000000,11,10,0,2,"[0, 2]","[0, 2]",0.05,True,probability,probability,False,True,True,156,94,156,70,False,False,0.2,7,1,20240302_171242
0.0027548209366391,0.2892561983471074,0.0106382978723404,0.4892561983471075,0.7042553191489362,0.0106382978723404,0.0035460992907801,0.0114942528735632,0.0,0.2788461538461538,0.0,0.4519230769230769,0.6276595744680851,0.0,0.0,0.0,11,0.0267338752746582,5.044533967971802,0.1312890723347664,0.2211770117282867,0.1248401999473571,0.8054348230361938,[2],[25],"(312, 520, 25)",unused,0.9,-1,-1,0.0007,0.0001,0.065,-1,1000000,1,-19.200000000000003,0.6,0.001,1000000,11,10,0,2,"[0, 2]","[0, 2]",0.05,True,probability,probability,False,True,True,156,94,156,70,False,False,0.2,7,1,20240302_170946
0.0035714285714285,0.2321428571428571,0.0106382978723404,0.5290178571428571,0.6835106382978723,0.0106382978723404,0.0042553191489361,0.0114942528735632,0.0064102564102564,0.2836538461538461,0.0106382978723404,0.5576923076923077,0.776595744680851,0.0106382978723404,0.0141843971631205,0.0066666666666666,11,0.0267372131347656,5.0477142333984375,0.1306788399815559,0.2202563509345054,0.1241402588784694,0.7958642244338989,[2],[25],"(312, 520, 25)",unused,0.9,-1,-1,0.0007,0.001,0.065,-1,1000000,1,-19.200000000000003,0.6,0.001,1000000,11,10,0,2,"[0, 2]","[0, 2]",0.05,True,probability,probability,False,True,True,156,94,156,70,False,False,0.2,7,1,20240302_170846
0.0063492063492063,0.1809523809523809,0.0106382978723404,0.5952380952380952,0.7393617021276596,0.0106382978723404,0.0070921985815602,0.0114942528735632,0.0,0.21875,0.0,0.5520833333333334,0.7340425531914894,0.0,0.0,0.0,11,0.0263874530792236,5.054075717926025,0.1309011057019233,0.2184318155050277,0.1247296445071697,0.7920295000076294,[2],[25],"(312, 520, 25)",unused,0.9,-1,-1,0.0007,0.001,0.065,-1,1000000,1,-19.200000000000003,0.3,0.001,1000000,11,10,0,2,"[0, 2]","[0, 2]",0.05,True,probability,probability,False,True,True,156,94,156,70,False,False,0.2,7,1,20240302_170659
0.0088495575221238,0.2389380530973451,0.0106382978723404,0.4778761061946903,0.6170212765957447,0.0106382978723404,0.0106382978723404,0.0114942528735632,0.0,0.25,0.0,0.4,0.5212765957446809,0.0,0.0,0.0,11,0.0265026092529296,5.045814514160156,0.1296064481139183,0.2190077751874923,0.1244312971830368,0.8034200072288513,[2],[25],"(312, 520, 25)",unused,0.9,-1,-1,0.0007,0.0001,0.065,-1,1000000,1,-9.6,9.6,0.001,1000000,11,10,0,2,"[0, 2]","[0, 2]",0.05,True,probability,probability,False,True,True,156,94,156,70,False,False,0.2,7,1,20240302_170403
0.0085470085470085,0.2649572649572649,0.0106382978723404,0.4871794871794871,0.6702127659574468,0.0106382978723404,0.0106382978723404,0.0114942528735632,0.0,0.2788461538461538,0.0,0.4807692307692308,0.6702127659574468,0.0,0.0,0.0,11,0.0267941951751709,5.042467355728149,0.1320973858237266,0.2180399075150489,0.1249370835721492,0.801004946231842,[2],[25],"(312, 520, 25)",unused,0.9,-1,-1,0.0007,0.0001,0.065,-1,1000000,1,-9.6,4.8,0.001,1000000,11,10,0,2,"[0, 2]","[0, 2]",0.05,True,probability,probability,False,True,True,156,94,156,70,False,False,0.2,7,1,20240302_170206
0.0018518518518518,0.2037037037037037,0.0106382978723404,0.6491769547325104,0.7990543735224587,0.0106382978723404,0.002127659574468,0.0114942528735632,0.0036507936507936,0.27,0.0212765957446808,0.5520192307692308,0.7255523731587562,0.0212765957446808,0.0038838230327592,0.0266666666666666,11,0.0262305736541748,5.049708604812622,0.1332536116242408,0.2199339643120765,0.1261619254946708,0.8058062195777893,[2],[25],"(312, 520, 25)",unused,0.9,-1,-1,0.0007,0.001,0.065,-1,1000000,1,-9.6,4.8,0.001,1000000,11,10,0,2,"[0, 2]","[0, 2]",0.05,True,probability,probability,False,True,True,156,94,156,70,False,False,0.2,7,1,20240302_170107
0.0062893081761006,0.1886792452830188,0.0106382978723404,0.589622641509434,0.7074468085106383,0.0106382978723404,0.0070921985815602,0.0114942528735632,0.0040178571428571,0.2395833333333333,0.0212765957446808,0.5335343567251463,0.6406308324001494,0.0212765957446808,0.0041033434650455,0.0266666666666666,11,0.0266361236572265,5.049095630645752,0.1320291385054588,0.2222449481487274,0.1245575211942195,0.8055016994476318,[2],[25],"(312, 520, 25)",unused,0.9,-1,-1,0.0007,0.001,0.065,-1,1000000,1,-9.6,2.4,0.001,1000000,11,10,0,2,"[0, 2]","[0, 2]",0.05,True,probability,probability,False,True,True,156,94,156,70,False,False,0.2,7,1,20240302_165909
0.0035087719298245,0.2456140350877192,0.0106382978723404,0.5460526315789473,0.7154255319148937,0.0106382978723404,0.0042553191489361,0.0114942528735632,0.0040816326530612,0.2448979591836734,0.0106382978723404,0.4821428571428571,0.6090425531914894,0.0106382978723404,0.0042553191489361,0.0133333333333333,11,0.0268473625183105,5.045885801315308,0.13099205493927,0.2216220125555992,0.125134989619255,0.8045948147773743,[2],[25],"(312, 520, 25)",unused,0.9,-1,-1,0.0007,0.0001,0.065,-1,1000000,1,-9.6,1.2,0.001,1000000,11,10,0,2,"[0, 2]","[0, 2]",0.05,True,probability,probability,False,True,True,156,94,156,70,False,False,0.2,7,1,20240302_165810
0.0059523809523809,0.2321428571428571,0.0106382978723404,0.4866071428571428,0.6223404255319149,0.0106382978723404,0.0070921985815602,0.0114942528735632,0.0048543689320388,0.2815533980582524,0.0106382978723404,0.4110032362459547,0.5673758865248227,0.0106382978723404,0.0053191489361702,0.0133333333333333,11,0.0263431072235107,5.043996572494507,0.1314226314425468,0.2169909253716468,0.1246331185102462,0.799891471862793,[2],[25],"(312, 520, 25)",unused,0.9,-1,-1,0.0007,0.0001,0.065,-1,1000000,1,-9.6,0.6,0.001,1000000,11,10,0,2,"[0, 2]","[0, 2]",0.05,True,probability,probability,False,True,True,156,94,156,70,False,False,0.2,7,1,20240302_165612
0.0010411244143675,0.2389380530973451,0.0106382978723404,0.5049778761061947,0.6602393617021277,0.0106382978723404,0.0012515644555694,0.0114942528735632,0.0032051282051282,0.2884615384615384,0.0106382978723404,0.4634615384615385,0.6404255319148936,0.0106382978723404,0.0035460992907801,0.0133333333333333,11,0.0269460678100585,5.0436718463897705,0.1328853145241737,0.233614407479763,0.1266114115715026,0.8119117021560669,[2],[25],"(312, 520, 25)",unused,0.9,-1,-1,0.0007,0.0001,0.065,-1,1000000,1,-9.6,0.3,0.001,1000000,11,10,0,2,"[0, 2]","[0, 2]",0.05,True,probability,probability,False,True,True,156,94,156,70,False,False,0.2,7,1,20240302_165415
0.0057471264367816,0.2586206896551724,0.0106382978723404,0.5043103448275862,0.675531914893617,0.0106382978723404,0.0070921985815602,0.0114942528735632,0.0038461538461538,0.2884615384615384,0.0106382978723404,0.4735576923076923,0.651595744680851,0.0106382978723404,0.0042553191489361,0.0133333333333333,11,0.0266535282135009,5.040510654449463,0.132936492562294,0.2236812710762024,0.1249576210975647,0.8073024749755859,[2],[25],"(312, 520, 25)",unused,0.9,-1,-1,0.0007,0.0001,0.065,-1,1000000,1,-4.800000000000001,19.2,0.001,1000000,11,10,0,2,"[0, 2]","[0, 2]",0.05,True,probability,probability,False,True,True,156,94,156,70,False,False,0.2,7,1,20240302_165217
0.0089285714285714,0.2321428571428571,0.0106382978723404,0.5267857142857143,0.648936170212766,0.0106382978723404,0.0106382978723404,0.0114942528735632,0.015,0.27,0.0212765957446808,0.5333333333333333,0.7056737588652482,0.0212765957446808,0.0159574468085106,0.0266666666666666,11,0.0269322395324707,5.0415918827056885,0.1320749297738075,0.2191032022237777,0.1248527765274047,0.8068764209747314,[2],[25],"(312, 520, 25)",unused,0.9,-1,-1,0.0007,0.001,0.065,-1,1000000,1,-4.800000000000001,19.2,0.001,1000000,11,10,0,2,"[0, 2]","[0, 2]",0.05,True,probability,probability,False,True,True,156,94,156,70,False,False,0.2,7,1,20240302_165118
0.0019157088122605,0.2586206896551724,0.0106382978723404,0.4924568965517241,0.660904255319149,0.0106382978723404,0.0023640661938534,0.0114942528735632,0.0,0.2788461538461538,0.0,0.4519230769230769,0.6063829787234043,0.0,0.0,0.0,11,0.0267949104309082,5.046727418899536,0.1316138803958892,0.2260480523109436,0.1255342848598957,0.8060647249221802,[2],[25],"(312, 520, 25)",unused,0.9,-1,-1,0.0007,0.0001,0.065,-1,1000000,1,-4.800000000000001,4.8,0.001,1000000,11,10,0,2,"[0, 2]","[0, 2]",0.05,True,probability,probability,False,True,True,156,94,156,70,False,False,0.2,7,1,20240302_164820
0.0094339622641509,0.1886792452830188,0.0106382978723404,0.5283018867924528,0.648936170212766,0.0106382978723404,0.0106382978723404,0.0114942528735632,0.0020833333333333,0.2291666666666666,0.0106382978723404,0.5115740740740741,0.6607565011820331,0.0106382978723404,0.002127659574468,0.0133333333333333,11,0.0277068614959716,5.0495665073394775,0.1315728574991226,0.2191165909171104,0.1241269148886203,0.7940852642059326,[2],[25],"(312, 520, 25)",unused,0.9,-1,-1,0.0007,0.001,0.065,-1,1000000,1,-4.800000000000001,1.2,0.001,1000000,11,10,0,2,"[0, 2]","[0, 2]",0.05,True,probability,probability,False,True,True,156,94,156,70,False,False,0.2,7,1,20240302_164327
0.0059523809523809,0.2321428571428571,0.0106382978723404,0.5669642857142857,0.75,0.0106382978723404,0.0070921985815602,0.0114942528735632,0.0063168124392614,0.25,0.0212765957446808,0.5346938775510204,0.6978723404255318,0.0212765957446808,0.0096251266464032,0.02,11,0.0271182060241699,5.052564382553101,0.1298537030816078,0.218512013554573,0.1246021352708339,0.8007948994636536,[2],[25],"(312, 520, 25)",unused,0.9,-1,-1,0.0007,0.001,0.065,-1,1000000,1,-4.800000000000001,0.6,0.001,1000000,11,10,0,2,"[0, 2]","[0, 2]",0.05,True,probability,probability,False,True,True,156,94,156,70,False,False,0.2,7,1,20240302_164132
0.0084033613445378,0.2773109243697479,0.0106382978723404,0.5042016806722689,0.6808510638297872,0.0106382978723404,0.0106382978723404,0.0114942528735632,0.008984725965858,0.3113207547169811,0.0212765957446808,0.5062893081761006,0.7304964539007093,0.0212765957446808,0.0101317122593718,0.0266666666666666,11,0.0265183448791503,5.045881032943726,0.1316745430231094,0.222148060798645,0.1258880905807018,0.8068745136260986,[2],[25],"(312, 520, 25)",unused,0.9,-1,-1,0.0007,0.0001,0.065,-1,1000000,1,-4.800000000000001,0.3,0.001,1000000,11,10,0,2,"[0, 2]","[0, 2]",0.05,True,probability,probability,False,True,True,156,94,156,70,False,False,0.2,7,1,20240302_164034
0.008130081300813,0.3008130081300813,0.0106382978723404,0.4715447154471545,0.6808510638297872,0.0106382978723404,0.0106382978723404,0.0114942528735632,0.0028011204481792,0.2745098039215686,0.0106382978723404,0.4330065359477125,0.6187943262411348,0.0106382978723404,0.0030395136778115,0.0133333333333333,11,0.0265216827392578,5.046031475067139,0.1304208785295486,0.2272073626518249,0.125162336975336,0.811956524848938,[2],[25],"(312, 520, 25)",unused,0.9,-1,-1,0.0007,0.0001,0.065,-1,1000000,1,-2.4000000000000004,19.2,0.001,1000000,11,10,0,2,"[0, 2]","[0, 2]",0.05,True,probability,probability,False,True,True,156,94,156,70,False,False,0.2,7,1,20240302_163837
0.0026212319790301,0.2110091743119266,0.0106382978723404,0.551987767584098,0.6826241134751774,0.0106382978723404,0.0030395136778115,0.0114942528735632,0.0,0.2268041237113402,0.0,0.4742268041237113,0.6170212765957447,0.0,0.0,0.0,11,0.0268869400024414,5.052732706069946,0.1321993097662925,0.2210393249988556,0.1258759275078773,0.8114678859710693,[2],[25],"(312, 520, 25)",unused,0.9,-1,-1,0.0007,0.001,0.065,-1,1000000,1,-2.4000000000000004,19.2,0.001,1000000,11,10,0,2,"[0, 2]","[0, 2]",0.05,True,probability,probability,False,True,True,156,94,156,70,False,False,0.2,7,1,20240302_163738
0.0044642857142857,0.2321428571428571,0.0106382978723404,0.6101190476190477,0.7695035460992908,0.0106382978723404,0.0053191489361702,0.0114942528735632,0.0058309037900874,0.25,0.0212765957446808,0.5751700680272109,0.7613475177304964,0.0212765957446808,0.0091185410334346,0.02,11,0.0272097587585449,5.05117654800415,0.1309467628598213,0.2182231917977333,0.1255361251533031,0.802967369556427,[2],[25],"(312, 520, 25)",unused,0.9,-1,-1,0.0007,0.001,0.065,-1,1000000,1,-2.4000000000000004,1.2,0.001,1000000,11,10,0,2,"[0, 2]","[0, 2]",0.05,True,probability,probability,False,True,True,156,94,156,70,False,False,0.2,7,1,20240302_162949
0.0058479532163742,0.2456140350877192,0.0106382978723404,0.4692982456140351,0.5904255319148937,0.0106382978723404,0.0070921985815602,0.0114942528735632,0.0080906148867313,0.2864077669902912,0.0212765957446808,0.4339805825242718,0.597872340425532,0.0212765957446808,0.0141843971631205,0.02,11,0.0269322395324707,5.041784763336182,0.1328680366277694,0.2184829488396644,0.1253512650728225,0.8050321340560913,[2],[25],"(312, 520, 25)",unused,0.9,-1,-1,0.0007,0.0001,0.065,-1,1000000,1,-2.4000000000000004,0.6,0.001,1000000,11,10,0,2,"[0, 2]","[0, 2]",0.05,True,probability,probability,False,True,True,156,94,156,70,False,False,0.2,7,1,20240302_162851
0.0091743119266055,0.2110091743119266,0.0106382978723404,0.6055045871559633,0.7553191489361702,0.0106382978723404,0.0106382978723404,0.0114942528735632,0.0043010752688172,0.2043010752688172,0.0106382978723404,0.5940860215053764,0.7154255319148937,0.0106382978723404,0.0042553191489361,0.0133333333333333,11,0.0258064270019531,5.051924705505371,0.130319058895111,0.2226003631949424,0.12496879696846,0.8066922426223755,[2],[25],"(312, 520, 25)",unused,0.9,-1,-1,0.0007,0.001,0.065,-1,1000000,1,-2.4000000000000004,0.6,0.001,1000000,11,10,0,2,"[0, 2]","[0, 2]",0.05,True,probability,probability,False,True,True,156,94,156,70,False,False,0.2,7,1,20240302_162752
0.0086206896551724,0.2586206896551724,0.0106382978723404,0.5344827586206896,0.7127659574468085,0.0106382978723404,0.0106382978723404,0.0114942528735632,0.0052631578947368,0.2210526315789473,0.0106382978723404,0.5087719298245613,0.6418439716312057,0.0106382978723404,0.0053191489361702,0.0133333333333333,11,0.0272505283355712,5.04611086845398,0.1316610351204872,0.2302611842751503,0.1260524615645408,0.8097044825553894,[2],[25],"(312, 520, 25)",unused,0.9,-1,-1,0.0007,0.0001,0.065,-1,1000000,1,-2.4000000000000004,0.3,0.001,1000000,11,10,0,2,"[0, 2]","[0, 2]",0.05,True,probability,probability,False,True,True,156,94,156,70,False,False,0.2,7,1,20240302_162653
0.0046728971962616,0.1915887850467289,0.0106382978723404,0.5560747663551402,0.6808510638297872,0.0106382978723404,0.0106382978723404,0.0057471264367816,0.0034722222222222,0.2291666666666666,0.0106382978723404,0.5333333333333333,0.6510638297872341,0.0106382978723404,0.0035460992907801,0.0133333333333333,11,0.0265266895294189,5.050773620605469,0.1307485476136207,0.2179915979504585,0.1245844587683677,0.8093311190605164,[2],[25],"(312, 520, 25)",unused,0.9,-1,-1,0.0007,0.001,0.065,-1,1000000,1,-2.4000000000000004,0.3,0.001,1000000,11,10,0,2,"[0, 2]","[0, 2]",0.05,True,probability,probability,False,True,True,156,94,156,70,False,False,0.2,7,1,20240302_162554
0.0023419203747072,0.2950819672131147,0.0106382978723404,0.4685792349726776,0.6613475177304964,0.0106382978723404,0.0030395136778115,0.0114942528735632,0.0,0.2424242424242424,0.0,0.4444444444444444,0.574468085106383,0.0,0.0,0.0,11,0.0268752574920654,5.04277229309082,0.1312207505106926,0.220112182199955,0.1243704371154308,0.7956839203834534,[2],[25],"(312, 520, 25)",unused,0.9,-1,-1,0.0007,0.0001,0.065,-1,1000000,1,-1.2000000000000002,19.2,0.001,1000000,11,10,0,2,"[0, 2]","[0, 2]",0.05,True,probability,probability,False,True,True,156,94,156,70,False,False,0.2,7,1,20240302_162455
0.0013377926421404,0.2521739130434782,0.0106382978723404,0.6007246376811595,0.798758865248227,0.0106382978723404,0.0016366612111292,0.0114942528735632,0.0033333333333333,0.26,0.0106382978723404,0.522,0.6617021276595745,0.0106382978723404,0.0035460992907801,0.0133333333333333,11,0.0268795490264892,5.049409627914429,0.1344159841537475,0.2257463335990905,0.1262773610651493,0.8053013682365417,[2],[25],"(312, 520, 25)",unused,0.9,-1,-1,0.0007,0.001,0.065,-1,1000000,1,-1.2000000000000002,9.6,0.001,1000000,11,10,0,2,"[0, 2]","[0, 2]",0.05,True,probability,probability,False,True,True,156,94,156,70,False,False,0.2,7,1,20240302_162158
0.0089285714285714,0.2321428571428571,0.0106382978723404,0.5803571428571429,0.7553191489361702,0.0106382978723404,0.0106382978723404,0.0114942528735632,0.0068027210884353,0.2397959183673469,0.0106382978723404,0.5204081632653061,0.6702127659574468,0.0106382978723404,0.0141843971631205,0.0066666666666666,11,0.0268893241882324,5.053813219070435,0.1297708973288536,0.222782664000988,0.1245999112725257,0.8067877888679504,[2],[25],"(312, 520, 25)",unused,0.9,-1,-1,0.0007,0.001,0.065,-1,1000000,1,-1.2000000000000002,4.8,0.001,1000000,11,10,0,2,"[0, 2]","[0, 2]",0.05,True,probability,probability,False,True,True,156,94,156,70,False,False,0.2,7,1,20240302_162004
0.0092592592592592,0.2037037037037037,0.0106382978723404,0.6111111111111112,0.776595744680851,0.0106382978723404,0.0106382978723404,0.0114942528735632,0.0,0.2424242424242424,0.0,0.5454545454545454,0.723404255319149,0.0,0.0,0.0,11,0.026731252670288,5.0517637729644775,0.1305036321282386,0.2216922789812088,0.1244442127645015,0.809309720993042,[2],[25],"(312, 520, 25)",unused,0.9,-1,-1,0.0007,0.001,0.065,-1,1000000,1,-1.2000000000000002,2.4,0.001,1000000,11,10,0,2,"[0, 2]","[0, 2]",0.05,True,probability,probability,False,True,True,156,94,156,70,False,False,0.2,7,1,20240302_161809
0.008695652173913,0.2521739130434782,0.0106382978723404,0.5130434782608696,0.6702127659574468,0.0106382978723404,0.0106382978723404,0.0114942528735632,0.0,0.2718446601941747,0.0,0.4174757281553398,0.5957446808510638,0.0,0.0,0.0,11,0.0264689922332763,5.039719343185425,0.1317687779664993,0.2200347855687141,0.1246780380606651,0.8027048110961914,[2],[25],"(312, 520, 25)",unused,0.9,-1,-1,0.0007,0.0001,0.065,-1,1000000,1,-1.2000000000000002,0.6,0.001,1000000,11,10,0,2,"[0, 2]","[0, 2]",0.05,True,probability,probability,False,True,True,156,94,156,70,False,False,0.2,7,1,20240302_161513
0.0061162079510703,0.2110091743119266,0.0106382978723404,0.555045871559633,0.6968085106382979,0.0106382978723404,0.0070921985815602,0.0114942528735632,0.005,0.26,0.0106382978723404,0.5533333333333332,0.7269503546099291,0.0106382978723404,0.0053191489361702,0.0133333333333333,11,0.0303013324737548,5.051749229431152,0.1305301487445831,0.2176320403814315,0.1246486827731132,0.7990613579750061,[2],[25],"(312, 520, 25)",unused,0.9,-1,-1,0.0007,0.001,0.065,-1,1000000,1,-1.2000000000000002,0.3,0.001,1000000,11,10,0,2,"[0, 2]","[0, 2]",0.05,True,probability,probability,False,True,True,156,94,156,70,False,False,0.2,7,1,20240302_161217
0.0,0.2434782608695652,0.0,0.4782608695652174,0.6382978723404256,0.0,0.0,0.0,0.0062305295950155,0.308411214953271,0.0106382978723404,0.4719626168224299,0.6648936170212766,0.0106382978723404,0.0070921985815602,0.0133333333333333,11,0.0268085002899169,5.0407326221466064,0.1333631202578544,0.22566769272089,0.1253309808671474,0.8095242381095886,[2],[25],"(312, 520, 25)",unused,0.9,-1,-1,0.0007,0.0001,0.065,-1,1000000,1,-1.2000000000000002,0.3,0.001,1000000,11,10,0,2,"[0, 2]","[0, 2]",0.05,True,probability,probability,False,True,True,156,94,156,70,False,False,0.2,7,1,20240302_161316
0.0,0.1792452830188679,0.0,0.5188679245283019,0.6276595744680851,0.0,0.0,0.0,0.0,0.2346938775510204,0.0,0.5,0.6382978723404256,0.0,0.0,0.0,11,0.0270888805389404,5.053585529327393,0.1293450891971588,0.2152221798896789,0.1244963221251964,0.801382839679718,[2],[25],"(312, 520, 25)",unused,0.9,-1,-1,0.0007,0.001,0.065,-1,1000000,1,-1.2000000000000002,1.2,0.001,1000000,11,10,0,2,"[0, 2]","[0, 2]",0.05,True,probability,probability,False,True,True,156,94,156,70,False,False,0.2,7,1,20240302_161611
0.0,0.2300884955752212,0.0,0.5132743362831859,0.6702127659574468,0.0,0.0,0.0,0.0,0.2924528301886792,0.0,0.4150943396226415,0.574468085106383,0.0,0.0,0.0,11,0.0270462036132812,5.04098105430603,0.133706197142601,0.2214376628398895,0.1251260191202163,0.809373676776886,[2],[25],"(312, 520, 25)",unused,0.9,-1,-1,0.0007,0.0001,0.065,-1,1000000,1,-1.2000000000000002,2.4,0.001,1000000,11,10,0,2,"[0, 2]","[0, 2]",0.05,True,probability,probability,False,True,True,156,94,156,70,False,False,0.2,7,1,20240302_161906
0.0,0.2868852459016393,0.0,0.4672131147540984,0.648936170212766,0.0,0.0,0.0,0.0,0.25,0.0,0.36,0.4893617021276595,0.0,0.0,0.0,11,0.0266726016998291,5.0449724197387695,0.1306982114911079,0.2199122756719589,0.1251047998666763,0.8060289621353149,[2],[25],"(312, 520, 25)",unused,0.9,-1,-1,0.0007,0.0001,0.065,-1,1000000,1,-1.2000000000000002,9.6,0.001,1000000,11,10,0,2,"[0, 2]","[0, 2]",0.05,True,probability,probability,False,True,True,156,94,156,70,False,False,0.2,7,1,20240302_162257
0.0,0.2564102564102564,0.0,0.5128205128205128,0.6914893617021277,0.0,0.0,0.0,0.0099688473520249,0.3130841121495327,0.0212765957446808,0.441588785046729,0.6090425531914894,0.0212765957446808,0.0184397163120567,0.02,11,0.0267713069915771,5.044898748397827,0.130045436322689,0.2197448164224624,0.124575424939394,0.796487033367157,[2],[25],"(312, 520, 25)",unused,0.9,-1,-1,0.0007,0.0001,0.065,-1,1000000,1,-2.4000000000000004,1.2,0.001,1000000,11,10,0,2,"[0, 2]","[0, 2]",0.05,True,probability,probability,False,True,True,156,94,156,70,False,False,0.2,7,1,20240302_163047
0.0,0.2162162162162162,0.0,0.5945945945945946,0.7659574468085106,0.0,0.0,0.0,0.0071770334928229,0.2263157894736842,0.0212765957446808,0.5326315789473685,0.6712765957446809,0.0212765957446808,0.0125725338491295,0.02,11,0.026705265045166,5.050764322280884,0.1307220458984375,0.2208656817674636,0.1254511661827564,0.8039833903312683,[2],[25],"(312, 520, 25)",unused,0.9,-1,-1,0.0007,0.001,0.065,-1,1000000,1,-2.4000000000000004,2.4,0.001,1000000,11,10,0,2,"[0, 2]","[0, 2]",0.05,True,probability,probability,False,True,True,156,94,156,70,False,False,0.2,7,1,20240302_163145
0.0,0.2689075630252101,0.0,0.5378151260504201,0.723404255319149,0.0,0.0,0.0,0.0039603960396039,0.2673267326732673,0.0106382978723404,0.4381188118811881,0.6196808510638298,0.0106382978723404,0.0042553191489361,0.0133333333333333,11,0.0268123149871826,5.04337215423584,0.1320675015449524,0.2232185527682304,0.1253604516386985,0.8020594120025635,[2],[25],"(312, 520, 25)",unused,0.9,-1,-1,0.0007,0.0001,0.065,-1,1000000,1,-2.4000000000000004,2.4,0.001,1000000,11,10,0,2,"[0, 2]","[0, 2]",0.05,True,probability,probability,False,True,True,156,94,156,70,False,False,0.2,7,1,20240302_163243
0.0,0.2300884955752212,0.0,0.4778761061946903,0.6276595744680851,0.0,0.0,0.0,0.0046296296296296,0.3148148148148148,0.0106382978723404,0.4845679012345678,0.7056737588652483,0.0106382978723404,0.0053191489361702,0.0133333333333333,11,0.0257484912872314,5.04459810256958,0.1314883902668953,0.2188030481338501,0.1255417726933956,0.8055064678192139,[2],[25],"(312, 520, 25)",unused,0.9,-1,-1,0.0007,0.0001,0.065,-1,1000000,1,-2.4000000000000004,4.8,0.001,1000000,11,10,0,2,"[0, 2]","[0, 2]",0.05,True,probability,probability,False,True,True,156,94,156,70,False,False,0.2,7,1,20240302_163440
0.0,0.1869158878504672,0.0,0.5420560747663551,0.6808510638297872,0.0,0.0,0.0,0.0,0.2718446601941747,0.0,0.5339805825242718,0.723404255319149,0.0,0.0,0.0,11,0.026214599609375,5.0513763427734375,0.1316228210926056,0.2185292616486549,0.1248889118432998,0.8019481301307678,[2],[25],"(312, 520, 25)",unused,0.9,-1,-1,0.0007,0.001,0.065,-1,1000000,1,-2.4000000000000004,9.6,0.001,1000000,11,10,0,2,"[0, 2]","[0, 2]",0.05,True,probability,probability,False,True,True,156,94,156,70,False,False,0.2,7,1,20240302_163539
0.0,0.2689075630252101,0.0,0.5126050420168067,0.6914893617021277,0.0,0.0,0.0,0.0,0.2924528301886792,0.0,0.4433962264150943,0.6276595744680851,0.0,0.0,0.0,11,0.0267336368560791,5.048056602478027,0.1318263188004493,0.2237497270107269,0.1266483664512634,0.8113281726837158,[2],[25],"(312, 520, 25)",unused,0.9,-1,-1,0.0007,0.0001,0.065,-1,1000000,1,-2.4000000000000004,9.6,0.001,1000000,11,10,0,2,"[0, 2]","[0, 2]",0.05,True,probability,probability,False,True,True,156,94,156,70,False,False,0.2,7,1,20240302_163639
0.0,0.2300884955752212,0.0,0.5929203539823009,0.776595744680851,0.0,0.0,0.0,0.0,0.2346938775510204,0.0,0.4897959183673469,0.648936170212766,0.0,0.0,0.0,11,0.0261752605438232,5.055417060852051,0.1324987262487411,0.2223489880561828,0.1256410703063011,0.8046354651451111,[2],[25],"(312, 520, 25)",unused,0.9,-1,-1,0.0007,0.001,0.065,-1,1000000,1,-4.800000000000001,0.3,0.001,1000000,11,10,0,2,"[0, 2]","[0, 2]",0.05,True,probability,probability,False,True,True,156,94,156,70,False,False,0.2,7,1,20240302_163936
0.0,0.2564102564102564,0.0,0.5042735042735043,0.6702127659574468,0.0,0.0,0.0,0.0048543689320388,0.2815533980582524,0.0106382978723404,0.4692556634304207,0.652482269503546,0.0106382978723404,0.0053191489361702,0.0133333333333333,11,0.0265662670135498,5.039270401000977,0.1336257308721542,0.2177648991346359,0.1254688948392868,0.8124797940254211,[2],[25],"(312, 520, 25)",unused,0.9,-1,-1,0.0007,0.0001,0.065,-1,1000000,1,-4.800000000000001,1.2,0.001,1000000,11,10,0,2,"[0, 2]","[0, 2]",0.05,True,probability,probability,False,True,True,156,94,156,70,False,False,0.2,7,1,20240302_164426
0.0,0.2368421052631578,0.0,0.5877192982456141,0.7872340425531915,0.0,0.0,0.0,0.0,0.1847826086956521,0.0,0.4673913043478261,0.5531914893617021,0.0,0.0,0.0,11,0.0267002582550048,5.0503249168396,0.1304796934127807,0.2204495072364807,0.1245327927172184,0.7993532419204712,[2],[25],"(312, 520, 25)",unused,0.9,-1,-1,0.0007,0.001,0.065,-1,1000000,1,-4.800000000000001,2.4,0.001,1000000,11,10,0,2,"[0, 2]","[0, 2]",0.05,True,probability,probability,False,True,True,156,94,156,70,False,False,0.2,7,1,20240302_164524
0.0,0.2018348623853211,0.0,0.5229357798165137,0.6595744680851063,0.0,0.0,0.0,0.003003003003003,0.3333333333333333,0.0106382978723404,0.4162162162162162,0.6191489361702128,0.0106382978723404,0.0035460992907801,0.0133333333333333,11,0.0265843868255615,5.042410850524902,0.1322911232709884,0.2234007567167282,0.1254276037216186,0.805059552192688,[2],[25],"(312, 520, 25)",unused,0.9,-1,-1,0.0007,0.0001,0.065,-1,1000000,1,-4.800000000000001,2.4,0.001,1000000,11,10,0,2,"[0, 2]","[0, 2]",0.05,True,probability,probability,False,True,True,156,94,156,70,False,False,0.2,7,1,20240302_164623
0.0,0.1792452830188679,0.0,0.5283018867924528,0.648936170212766,0.0,0.0,0.0,0.0105263157894736,0.2263157894736842,0.0212765957446808,0.56,0.7042553191489362,0.0212765957446808,0.0177304964539007,0.02,11,0.0269727706909179,5.0487587451934814,0.1320614442229271,0.2221741005778312,0.1254575103521347,0.8177078366279602,[2],[25],"(312, 520, 25)",unused,0.9,-1,-1,0.0007,0.001,0.065,-1,1000000,1,-4.800000000000001,4.8,0.001,1000000,11,10,0,2,"[0, 2]","[0, 2]",0.05,True,probability,probability,False,True,True,156,94,156,70,False,False,0.2,7,1,20240302_164721
0.0,0.2300884955752212,0.0,0.5752212389380531,0.7446808510638298,0.0,0.0,0.0,0.0068027210884353,0.2397959183673469,0.0106382978723404,0.5510204081632653,0.7446808510638298,0.0106382978723404,0.0141843971631205,0.0066666666666666,11,0.0269811153411865,5.05542254447937,0.1294827908277511,0.2256515920162201,0.1254076361656189,0.8007288575172424,[2],[25],"(312, 520, 25)",unused,0.9,-1,-1,0.0007,0.001,0.065,-1,1000000,1,-4.800000000000001,9.6,0.001,1000000,11,10,0,2,"[0, 2]","[0, 2]",0.05,True,probability,probability,False,True,True,156,94,156,70,False,False,0.2,7,1,20240302_164919
0.0,0.2434782608695652,0.0,0.5130434782608696,0.6808510638297872,0.0,0.0,0.0,0.0,0.2647058823529412,0.0,0.4411764705882353,0.6170212765957447,0.0,0.0,0.0,11,0.0267672538757324,5.043576240539551,0.1315227448940277,0.2214368358254432,0.1252331063151359,0.8064725399017334,[2],[25],"(312, 520, 25)",unused,0.9,-1,-1,0.0007,0.0001,0.065,-1,1000000,1,-4.800000000000001,9.6,0.001,1000000,11,10,0,2,"[0, 2]","[0, 2]",0.05,True,probability,probability,False,True,True,156,94,156,70,False,False,0.2,7,1,20240302_165018
0.0,0.2162162162162162,0.0,0.5225225225225225,0.648936170212766,0.0,0.0,0.0,0.0117845117845117,0.2575757575757575,0.0212765957446808,0.5084175084175083,0.6312056737588652,0.0212765957446808,0.0195035460992907,0.02,11,0.0268669128417968,5.047889947891235,0.1314637809991836,0.2203401327133178,0.1247706674039363,0.8027077913284302,[2],[25],"(312, 520, 25)",unused,0.9,-1,-1,0.0007,0.001,0.065,-1,1000000,1,-9.6,0.6,0.001,1000000,11,10,0,2,"[0, 2]","[0, 2]",0.05,True,probability,probability,False,True,True,156,94,156,70,False,False,0.2,7,1,20240302_165513
0.0,0.2232142857142857,0.0,0.5714285714285714,0.723404255319149,0.0,0.0,0.0,0.0040816326530612,0.2448979591836734,0.0106382978723404,0.5229591836734694,0.6941489361702128,0.0106382978723404,0.0042553191489361,0.0133333333333333,11,0.0268399715423584,5.051913261413574,0.1324309706687927,0.2216179147362709,0.1252586357295513,0.8010870814323425,[2],[25],"(312, 520, 25)",unused,0.9,-1,-1,0.0007,0.001,0.065,-1,1000000,1,-9.6,1.2,0.001,1000000,11,10,0,2,"[0, 2]","[0, 2]",0.05,True,probability,probability,False,True,True,156,94,156,70,False,False,0.2,7,1,20240302_165711
0.0,0.25,0.0,0.5258620689655172,0.7127659574468085,0.0,0.0,0.0,0.0,0.25,0.0,0.46,0.574468085106383,0.0,0.0,0.0,11,0.0266344547271728,5.043365240097046,0.1320522502064705,0.2194162458181381,0.1249186173081398,0.8003472089767456,[2],[25],"(312, 520, 25)",unused,0.9,-1,-1,0.0007,0.0001,0.065,-1,1000000,1,-9.6,2.4,0.001,1000000,11,10,0,2,"[0, 2]","[0, 2]",0.05,True,probability,probability,False,True,True,156,94,156,70,False,False,0.2,7,1,20240302_170008
0.0,0.1869158878504672,0.0,0.5794392523364486,0.723404255319149,0.0,0.0,0.0,0.0105263157894736,0.2263157894736842,0.0212765957446808,0.5389473684210526,0.6936170212765957,0.0212765957446808,0.0177304964539007,0.02,11,0.0269567966461181,5.049757957458496,0.1321562454104423,0.2222023457288742,0.1257826015353202,0.8053471446037292,[2],[25],"(312, 520, 25)",unused,0.9,-1,-1,0.0007,0.001,0.065,-1,1000000,1,-9.6,19.2,0.001,1000000,11,10,0,2,"[0, 2]","[0, 2]",0.05,True,probability,probability,False,True,True,156,94,156,70,False,False,0.2,7,1,20240302_170501
0.0,0.2627118644067797,0.0,0.4915254237288136,0.6595744680851063,0.0,0.0,0.0,0.0067340067340067,0.2474747474747475,0.0106382978723404,0.404040404040404,0.5319148936170213,0.0106382978723404,0.0141843971631205,0.0066666666666666,11,0.0265388488769531,5.045488119125366,0.1308632269501686,0.2197045087814331,0.1249729618430137,0.800858199596405,[2],[25],"(312, 520, 25)",unused,0.9,-1,-1,0.0007,0.0001,0.065,-1,1000000,1,-9.6,19.2,0.001,1000000,11,10,0,2,"[0, 2]","[0, 2]",0.05,True,probability,probability,False,True,True,156,94,156,70,False,False,0.2,7,1,20240302_170600
0.0,0.2564102564102564,0.0,0.4871794871794871,0.6595744680851063,0.0,0.0,0.0,0.0016835016835016,0.2525252525252525,0.0106382978723404,0.4958677685950413,0.6392649903288201,0.0106382978723404,0.00177304964539,0.0133333333333333,11,0.0267970561981201,5.045618772506714,0.1296535842120647,0.2189177721738815,0.1244944892823696,0.799071729183197,[2],[25],"(312, 520, 25)",unused,0.9,-1,-1,0.0007,0.0001,0.065,-1,1000000,1,-19.200000000000003,0.3,0.001,1000000,11,10,0,2,"[0, 2]","[0, 2]",0.05,True,probability,probability,False,True,True,156,94,156,70,False,False,0.2,7,1,20240302_170753
0.0,0.1553398058252427,0.0,0.5631067961165048,0.6702127659574468,0.0,0.0,0.0,0.0137254901960784,0.284313725490196,0.0212765957446808,0.5514705882352942,0.7579787234042553,0.0212765957446808,0.0148936170212765,0.0266666666666666,11,0.0268206596374511,5.050295829772949,0.1308731585741043,0.2178774327039718,0.1253662630915641,0.8066192865371704,[2],[25],"(312, 520, 25)",unused,0.9,-1,-1,0.0007,0.001,0.065,-1,1000000,1,-19.200000000000003,1.2,0.001,1000000,11,10,0,2,"[0, 2]","[0, 2]",0.05,True,probability,probability,False,True,True,156,94,156,70,False,False,0.2,7,1,20240302_171045
0.0,0.1944444444444444,0.0,0.6018518518518519,0.7446808510638298,0.0,0.0,0.0,0.0,0.25,0.0,0.49,0.6702127659574468,0.0,0.0,0.0,11,0.0267186164855957,5.046373605728149,0.1328382790088653,0.2207678481936454,0.1251868233084678,0.8077170252799988,[2],[25],"(312, 520, 25)",unused,0.9,-1,-1,0.0007,0.001,0.065,-1,1000000,1,-19.200000000000003,4.8,0.001,1000000,11,10,0,2,"[0, 2]","[0, 2]",0.05,True,probability,probability,False,True,True,156,94,156,70,False,False,0.2,7,1,20240302_171439
0.0,0.2300884955752212,0.0,0.4690265486725664,0.6170212765957447,0.0,0.0,0.0,0.0032362459546925,0.2815533980582524,0.0106382978723404,0.4388349514563107,0.597872340425532,0.0106382978723404,0.0035460992907801,0.0133333333333333,11,0.0268898010253906,5.044373035430908,0.1308070793747902,0.2152936980128288,0.124718002974987,0.8051692843437195,[2],[25],"(312, 520, 25)",unused,0.9,-1,-1,0.0007,0.0001,0.065,-1,1000000,1,-19.200000000000003,4.8,0.001,1000000,11,10,0,2,"[0, 2]","[0, 2]",0.05,True,probability,probability,False,True,True,156,94,156,70,False,False,0.2,7,1,20240302_171537
0.0,0.1944444444444444,0.0,0.5833333333333334,0.7127659574468085,0.0,0.0,0.0,0.0069444444444444,0.2291666666666666,0.0106382978723404,0.546875,0.7287234042553191,0.0106382978723404,0.0070921985815602,0.0133333333333333,11,0.0257315635681152,5.056097030639648,0.1293752789497375,0.2239377573132515,0.1247203238308429,0.8048926591873169,[2],[25],"(312, 520, 25)",unused,0.9,-1,-1,0.0007,0.001,0.065,-1,1000000,1,-19.200000000000003,9.6,0.001,1000000,11,10,0,2,"[0, 2]","[0, 2]",0.05,True,probability,probability,False,True,True,156,94,156,70,False,False,0.2,7,1,20240302_171636
0.0,0.2368421052631578,0.0,0.4736842105263157,0.6063829787234043,0.0,0.0,0.0,0.0098765432098765,0.3194444444444444,0.0212765957446808,0.4652777777777778,0.6728723404255319,0.0212765957446808,0.0184397163120567,0.02,11,0.0267798900604248,5.045471668243408,0.131399929523468,0.2188694328069687,0.1251205950975418,0.803743302822113,[2],[25],"(312, 520, 25)",unused,0.9,-1,-1,0.0007,0.0001,0.065,-1,1000000,1,-19.200000000000003,19.2,0.001,1000000,11,10,0,2,"[0, 2]","[0, 2]",0.05,True,probability,probability,False,True,True,156,94,156,70,False,False,0.2,7,1,20240302_171934
0.0,0.2232142857142857,0.0,0.5267857142857143,0.6914893617021277,0.0,0.0,0.0,0.0052224371373307,0.2234042553191489,0.0212765957446808,0.535081053698075,0.6414640324214793,0.0212765957446808,0.0052224371373307,0.0266666666666666,11,0.0265870094299316,5.048753976821899,0.1311662122607231,0.2209814116358757,0.1243062429130077,0.8058304190635681,[2],[25],"(312, 520, 25)",unused,0.9,-1,-1,0.0007,0.001,0.065,-1,1000000,1,-38.400000000000006,1.2,0.001,1000000,11,10,0,2,"[0, 2]","[0, 2]",0.05,True,probability,probability,False,True,True,156,94,156,70,False,False,0.2,7,1,20240302_172429
0.0,0.2564102564102564,0.0,0.4615384615384615,0.6170212765957447,0.0,0.0,0.0,0.0031446540880503,0.3018867924528302,0.0106382978723404,0.4641509433962264,0.6617021276595745,0.0106382978723404,0.0035460992907801,0.0133333333333333,11,0.0268886089324951,5.044474363327026,0.1323843449354171,0.2215442880988121,0.1257981210947036,0.8029213547706604,[2],[25],"(312, 520, 25)",unused,0.9,-1,-1,0.0007,0.0001,0.065,-1,1000000,1,-38.400000000000006,1.2,0.001,1000000,11,10,0,2,"[0, 2]","[0, 2]",0.05,True,probability,probability,False,True,True,156,94,156,70,False,False,0.2,7,1,20240302_172528
0.0,0.2162162162162162,0.0,0.5315315315315315,0.6702127659574468,0.0,0.0,0.0,0.0062893081761006,0.3018867924528302,0.0106382978723404,0.5047169811320755,0.75,0.0106382978723404,0.0070921985815602,0.0133333333333333,11,0.0268969535827636,5.047682285308838,0.1323969289660453,0.2209031134843826,0.1247985064983367,0.8026407361030579,[2],[25],"(312, 520, 25)",unused,0.9,-1,-1,0.0007,0.001,0.065,-1,1000000,1,-38.400000000000006,2.4,0.001,1000000,11,10,0,2,"[0, 2]","[0, 2]",0.05,True,probability,probability,False,True,True,156,94,156,70,False,False,0.2,7,1,20240302_172627
0.0,0.2689075630252101,0.0,0.4201680672268907,0.574468085106383,0.0,0.0,0.0,0.0088235294117647,0.2745098039215686,0.0212765957446808,0.4199346405228757,0.5921985815602837,0.0212765957446808,0.0191489361702127,0.0133333333333333,11,0.0267674922943115,5.045632839202881,0.1324533149600029,0.2229309529066085,0.1259002313017845,0.8057019710540771,[2],[25],"(312, 520, 25)",unused,0.9,-1,-1,0.0007,0.0001,0.065,-1,1000000,1,-38.400000000000006,2.4,0.001,1000000,11,10,0,2,"[0, 2]","[0, 2]",0.05,True,probability,probability,False,True,True,156,94,156,70,False,False,0.2,7,1,20240302_172726
0.0,0.1714285714285714,0.0,0.6190476190476191,0.7553191489361702,0.0,0.0,0.0,0.0052631578947368,0.2210526315789473,0.0106382978723404,0.5719298245614035,0.7375886524822696,0.0106382978723404,0.0053191489361702,0.0133333333333333,11,0.026806354522705,5.053488492965698,0.1297082379460334,0.2141042128205299,0.123487938195467,0.799549400806427,[2],[25],"(312, 520, 25)",unused,0.9,-1,-1,0.0007,0.001,0.065,-1,1000000,1,-38.400000000000006,4.8,0.001,1000000,11,10,0,2,"[0, 2]","[0, 2]",0.05,True,probability,probability,False,True,True,156,94,156,70,False,False,0.2,7,1,20240302_172824
0.0,0.1944444444444444,0.0,0.5555555555555556,0.6808510638297872,0.0,0.0,0.0,0.0,0.21875,0.0,0.5833333333333334,0.7021276595744681,0.0,0.0,0.0,11,0.026644229888916,5.049129724502564,0.1319282576441764,0.2220571264624595,0.1249394863843917,0.7974793314933777,[2],[25],"(312, 520, 25)",unused,0.9,-1,-1,0.0007,0.001,0.065,-1,1000000,1,-38.400000000000006,19.2,0.001,1000000,11,10,0,2,"[0, 2]","[0, 2]",0.05,True,probability,probability,False,True,True,156,94,156,70,False,False,0.2,7,1,20240302_173217
0.0,0.2300884955752212,0.0,0.4601769911504424,0.5957446808510638,0.0,0.0,0.0,0.0,0.2924528301886792,0.0,0.4716981132075472,0.6595744680851063,0.0,0.0,0.0,11,0.0267384052276611,5.042892694473267,0.1314679607748985,0.2205571234226226,0.1248993091285228,0.8021143078804016,[2],[25],"(312, 520, 25)",unused,0.9,-1,-1,0.0007,0.0001,0.065,-1,1000000,1,-38.400000000000006,19.2,0.001,1000000,11,10,0,2,"[0, 2]","[0, 2]",0.05,True,probability,probability,False,True,True,156,94,156,70,False,False,0.2,7,1,20240302_173317
0.0,0.209090909090909,0.0,0.5454545454545454,0.7021276595744681,0.0,0.0,0.0,0.0,0.2574257425742574,0.0,0.4653465346534653,0.6170212765957447,0.0,0.0,0.0,11,0.0266916751861572,5.054916858673096,0.1305180341005325,0.2224801033735275,0.1244674697518348,0.8037007451057434,[2],[25],"(312, 520, 25)",unused,0.9,-1,-1,0.0007,0.001,0.065,-1,1000000,1,-76.80000000000001,0.3,0.001,1000000,11,10,0,2,"[0, 2]","[0, 2]",0.05,True,probability,probability,False,True,True,156,94,156,70,False,False,0.2,7,1,20240302_173416
0.0,0.2689075630252101,0.0,0.4957983193277311,0.6595744680851063,0.0,0.0,0.0,0.0,0.2990654205607476,0.0,0.4392523364485981,0.6276595744680851,0.0,0.0,0.0,11,0.0273654460906982,5.048701524734497,0.1290408447384834,0.2178672030568123,0.1249011419713497,0.7994175553321838,[2],[25],"(312, 520, 25)",unused,0.9,-1,-1,0.0007,0.0001,0.065,-1,1000000,1,-76.80000000000001,0.3,0.001,1000000,11,10,0,2,"[0, 2]","[0, 2]",0.05,True,probability,probability,False,True,True,156,94,156,70,False,False,0.2,7,1,20240302_173515
0.0,0.1386138613861386,0.0,0.6336633663366337,0.7446808510638298,0.0,0.0,0.0,0.0,0.1758241758241758,0.0,0.5934065934065934,0.723404255319149,0.0,0.0,0.0,11,0.0267856121063232,5.046620607376099,0.1317906230688095,0.2191286087036132,0.1251926459372043,0.8012263774871826,[2],[25],"(312, 520, 25)",unused,0.9,-1,-1,0.0007,0.001,0.065,-1,1000000,1,-76.80000000000001,0.6,0.001,1000000,11,10,0,2,"[0, 2]","[0, 2]",0.05,True,probability,probability,False,True,True,156,94,156,70,False,False,0.2,7,1,20240302_173614
0.0,0.2627118644067797,0.0,0.4830508474576271,0.6702127659574468,0.0,0.0,0.0,0.0,0.2574257425742574,0.0,0.4455445544554455,0.6063829787234043,0.0,0.0,0.0,11,0.0268740653991699,5.043328046798706,0.1319378986954689,0.2213038727641105,0.1250723488628864,0.8014523386955261,[2],[25],"(312, 520, 25)",unused,0.9,-1,-1,0.0007,0.0001,0.065,-1,1000000,1,-76.80000000000001,0.6,0.001,1000000,11,10,0,2,"[0, 2]","[0, 2]",0.05,True,probability,probability,False,True,True,156,94,156,70,False,False,0.2,7,1,20240302_173713
0.0,0.1944444444444444,0.0,0.5648148148148148,0.7021276595744681,0.0,0.0,0.0,0.0048543689320388,0.2815533980582524,0.0106382978723404,0.517799352750809,0.6737588652482269,0.0106382978723404,0.0053191489361702,0.0133333333333333,11,0.0269265174865722,5.052584886550903,0.1306037977337837,0.2208432629704475,0.1253928057849407,0.8097808361053467,[2],[25],"(312, 520, 25)",unused,0.9,-1,-1,0.0007,0.001,0.065,-1,1000000,1,-76.80000000000001,1.2,0.001,1000000,11,10,0,2,"[0, 2]","[0, 2]",0.05,True,probability,probability,False,True,True,156,94,156,70,False,False,0.2,7,1,20240302_173812
0.0,0.2689075630252101,0.0,0.5126050420168067,0.7021276595744681,0.0,0.0,0.0,0.0,0.2857142857142857,0.0,0.4380952380952381,0.6170212765957447,0.0,0.0,0.0,11,0.0265369415283203,5.049161195755005,0.1303645148873329,0.2261608764529228,0.1253954507410526,0.8038274645805359,[2],[25],"(312, 520, 25)",unused,0.9,-1,-1,0.0007,0.0001,0.065,-1,1000000,1,-76.80000000000001,1.2,0.001,1000000,11,10,0,2,"[0, 2]","[0, 2]",0.05,True,probability,probability,False,True,True,156,94,156,70,False,False,0.2,7,1,20240302_173912
0.0,0.1714285714285714,0.0,0.580952380952381,0.7127659574468085,0.0,0.0,0.0,0.0,0.3055555555555556,0.0,0.5185185185185185,0.7553191489361702,0.0,0.0,0.0,11,0.0269784927368164,5.048406600952148,0.1314782872796058,0.2209364622831344,0.1247897818684578,0.7981950640678406,[2],[25],"(312, 520, 25)",unused,0.9,-1,-1,0.0007,0.001,0.065,-1,1000000,1,-76.80000000000001,2.4,0.001,1000000,11,10,0,2,"[0, 2]","[0, 2]",0.05,True,probability,probability,False,True,True,156,94,156,70,False,False,0.2,7,1,20240302_174011
0.0,0.2689075630252101,0.0,0.5462184873949579,0.7553191489361702,0.0,0.0,0.0,0.0053404539385847,0.308411214953271,0.0212765957446808,0.4429906542056074,0.6468085106382978,0.0212765957446808,0.0121580547112462,0.0133333333333333,11,0.0267291069030761,5.042824029922485,0.1325790733098983,0.2198367491364479,0.1253306195139885,0.8099952936172485,[2],[25],"(312, 520, 25)",unused,0.9,-1,-1,0.0007,0.0001,0.065,-1,1000000,1,-76.80000000000001,2.4,0.001,1000000,11,10,0,2,"[0, 2]","[0, 2]",0.05,True,probability,probability,False,True,True,156,94,156,70,False,False,0.2,7,1,20240302_174109
0.0,0.2368421052631578,0.0,0.5350877192982456,0.7021276595744681,0.0,0.0,0.0,0.0032051282051282,0.2884615384615384,0.0106382978723404,0.5115384615384616,0.725531914893617,0.0106382978723404,0.0035460992907801,0.0133333333333333,11,0.0252790451049804,5.051687002182007,0.1308424919843673,0.2206345573067665,0.1254073940217495,0.8066433668136597,[2],[25],"(312, 520, 25)",unused,0.9,-1,-1,0.0007,0.001,0.065,-1,1000000,1,-76.80000000000001,9.6,0.001,1000000,11,10,0,2,"[0, 2]","[0, 2]",0.05,True,probability,probability,False,True,True,156,94,156,70,False,False,0.2,7,1,20240302_174405
0.0,0.24347826086956523,0.0,0.4782608695652174,0.6276595744680851,0.0,0.0,0.0,0.0,0.2857142857142857,0.0,0.45714285714285713,0.648936170212766,0.0,0.0,0.0,11,0.026764392852783203,5.043379306793213,0.13123421370983124,0.21938742697238922,0.12499157339334488,0.807478129863739,[2],[25],"(312, 520, 25)",unused,0.9,-1,-1,0.0007,0.0001,0.065,-1,1000000,1,-76.80000000000001,19.2,0.001,1000000,11,10,0,2,"[0, 2]","[0, 2]",0.05,True,probability,probability,False,True,True,156,94,156,70,False,False,0.2,7,1,20240302_174700
